sample,ping_id,rtt_ms,frame_bytes
1,1,4.6190,21
2,2,6.3678,21
3,3,3.6070,21
4,4,4.9458,21
5,5,6.0822,21
6,6,4.9166,21
7,7,4.1548,21
8,8,3.6641,21
9,9,4.3959,21
10,10,5.8288,22
11,11,5.6041,22
12,12,5.7373,22
13,13,3.2903,22
14,14,7.0219,22
15,15,3.5641,22
16,16,4.7762,22
17,17,3.5462,22
18,18,6.6032,22
19,19,5.1512,22
20,20,6.4796,22
21,21,5.5187,22
22,22,7.0492,22
23,23,5.4980,22
24,24,4.0096,22
25,25,4.7082,22
26,26,5.0830,22
27,27,3.5455,22
28,28,5.6123,22
29,29,6.8826,22
30,30,6.3620,22
31,31,3.3876,22
32,32,3.8925,22
33,33,4.9927,22
34,34,5.7245,22
35,35,6.9598,22
36,36,4.1002,22
37,37,6.1968,22
38,38,6.0618,22
39,39,6.9269,22
40,40,4.2978,22
41,41,4.3667,22
42,42,6.3500,22
43,43,4.6207,22
44,44,6.1407,22
45,45,3.7296,22
46,46,4.2787,22
47,47,4.1917,22
48,48,5.5471,22
49,49,4.0002,22
50,50,4.0613,22
51,51,5.4895,22
52,52,6.1730,22
53,53,6.2600,22
54,54,3.5569,22
55,55,5.4198,22
56,56,5.3164,22
57,57,3.7737,22
58,58,6.8173,22
59,59,6.8642,22
60,60,7.3429,22
61,61,4.8756,22
62,62,3.5499,22
63,63,3.5421,22
64,64,6.1549,22
65,65,6.8439,22
66,66,4.5112,22
67,67,5.8697,22
68,68,5.3765,22
69,69,6.3347,22
70,70,4.9114,22
71,71,7.3395,22
72,72,8.0727,22
73,73,5.5304,22
74,74,6.8120,22
75,75,5.7016,22
76,76,6.6320,22
77,77,5.9816,22
78,78,3.6049,22
79,79,7.0247,22
80,80,6.2741,22
81,81,4.3016,22
82,82,6.9651,22
83,83,4.6394,22
84,84,6.4590,22
85,85,5.0184,22
86,86,6.4482,22
87,87,4.2768,22
88,88,6.4873,22
89,89,6.3449,22
90,90,5.1563,22
91,91,6.6358,22
92,92,7.0650,22
93,93,5.3795,22
94,94,5.7220,22
95,95,4.2942,22
96,96,6.8540,22
97,97,4.1832,22
98,98,5.9797,22
99,99,6.3161,22
100,100,6.6660,23
101,101,3.6646,23
102,102,6.4200,23
103,103,7.0415,23
104,104,3.6126,23
105,105,6.4117,23
106,106,4.5942,23
107,107,5.4700,23
108,108,4.1540,23
109,109,6.0825,23
110,110,7.2192,23
111,111,3.9347,23
112,112,4.9367,23
113,113,3.4975,23
114,114,6.2342,23
115,115,6.4813,23
116,116,6.2568,23
117,117,4.6415,23
118,118,5.0895,23
119,119,5.4824,23
120,120,4.6877,23
121,121,6.5485,23
122,122,6.8727,23
123,123,4.6538,23
124,124,3.7774,23
125,125,4.1589,23
126,126,4.9339,23
127,127,7.5275,23
128,128,6.0983,23
129,129,6.8413,23
130,130,4.7355,23
131,131,5.7984,23
132,132,9.2184,23
133,133,3.4519,23
134,134,4.2480,23
135,135,5.4235,23
136,136,4.9499,23
137,137,6.3859,23
138,138,4.5485,23
139,139,6.0283,23
140,140,3.7325,23
141,141,3.4798,23
142,142,7.2707,23
143,143,3.5601,23
144,144,5.4321,23
145,145,7.2498,23
146,146,6.1866,23
147,147,5.8984,23
148,148,6.3981,23
149,149,5.9733,23
150,150,5.7333,23
151,151,5.1779,23
152,152,5.6458,23
153,153,6.1389,23
154,154,4.7332,23
155,155,3.8432,23
156,156,5.5145,23
157,157,5.8321,23
158,158,6.6618,23
159,159,5.7302,23
160,160,4.7269,23
161,161,6.9420,23
162,162,3.7837,23
163,163,5.2433,23
164,164,6.8791,23
165,165,7.1747,23
166,166,4.9212,23
167,167,6.6739,23
168,168,7.2999,23
169,169,5.3238,23
170,170,6.4638,23
171,171,3.5679,23
172,172,5.1568,23
173,173,4.6105,23
174,174,5.1990,23
175,175,5.6525,24
176,176,4.4144,24
177,177,6.2517,24
178,178,4.8089,24
179,179,5.6635,24
180,180,3.4710,24
181,181,5.7558,24
182,182,6.9026,24
183,183,6.9465,24
184,184,5.8259,24
185,185,6.8028,24
186,186,4.4956,24
187,187,6.3440,24
188,188,6.2173,24
189,189,5.9972,24
190,190,5.7335,24
191,191,6.2423,24
192,192,3.4880,24
193,193,4.9527,24
194,194,4.7080,24
195,195,5.4719,24
196,196,3.6670,24
197,197,4.5575,24
198,198,5.7358,24
199,199,5.4099,24
200,200,6.0766,24
201,201,5.0775,24
202,202,6.1502,24
203,203,5.6549,24
204,204,4.3324,24
205,205,4.7215,24
206,206,4.4979,24
207,207,5.5154,24
208,208,7.4562,24
209,209,6.8413,24
210,210,4.8044,24
211,211,4.9383,24
212,212,6.1225,24
213,213,6.1293,24
214,214,7.2853,24
215,215,5.7869,24
216,216,6.4591,24
217,217,4.2416,24
218,218,5.5281,24
219,219,6.4690,24
220,220,3.6271,24
221,221,5.9783,24
222,222,5.3074,24
223,223,5.8844,24
224,224,4.7852,24
225,225,5.9700,24
226,226,6.8952,24
227,227,6.5745,24
228,228,5.5336,24
229,229,4.8872,24
230,230,6.7409,24
231,231,4.9927,24
232,232,6.4564,24
233,233,5.1831,24
234,234,6.1916,24
235,235,6.9959,24
236,236,6.4907,24
237,237,6.5523,24
238,238,6.3902,24
239,239,5.9165,24
240,240,6.2417,24
241,241,7.0302,24
242,242,3.6342,24
243,243,5.2913,24
244,244,5.2202,24
245,245,6.5431,24
246,246,7.8426,24
247,247,5.7683,24
248,248,4.2779,24
249,249,5.4853,24
250,250,6.6550,24
251,251,6.2908,24
252,252,4.9462,24
253,253,4.5809,24
254,254,4.2905,24
255,255,5.4739,24
256,256,4.6536,24
257,257,7.1326,24
258,258,6.1890,24
259,259,7.3202,24
260,260,6.2253,24
261,261,6.3065,24
262,262,7.0676,24
263,263,8.5034,24
264,264,4.4987,24
265,265,4.2409,24
266,266,6.1082,24
267,267,5.8036,24
268,268,6.0377,24
269,269,5.8757,24
270,270,7.0409,24
271,271,4.5004,24
272,272,6.3297,24
273,273,6.3658,24
274,274,3.7148,24
275,275,6.2225,24
276,276,3.9310,24
277,277,6.2046,24
278,278,4.1823,24
279,279,5.4738,24
280,280,6.3439,24
281,281,6.0090,24
282,282,4.6825,24
283,283,5.8243,24
284,284,6.8963,24
285,285,6.6689,24
286,286,3.8154,24
287,287,7.6389,24
288,288,7.0049,24
289,289,8.4471,24
290,290,3.8438,24
291,291,7.4090,24
292,292,6.9103,24
293,293,6.1431,24
294,294,5.8182,24
295,295,5.8988,24
296,296,6.2043,24
297,297,3.9316,24
298,298,3.7799,24
299,299,4.5120,24
300,300,5.0099,24
301,301,6.5684,24
302,302,3.9933,24
303,303,7.3076,24
304,304,5.9076,24
305,305,4.8985,24
306,306,5.7543,24
307,307,5.1317,24
308,308,5.2415,24
309,309,6.6759,24
310,310,4.4130,24
311,311,6.8880,24
312,312,4.0517,24
313,313,4.6832,24
314,314,6.8306,24
315,315,5.1011,24
316,316,5.8931,24
317,317,3.6266,24
318,318,3.7745,24
319,319,4.4787,24
320,320,3.7704,24
321,321,4.7899,24
322,322,5.5288,24
323,323,7.1455,24
324,324,6.6390,24
325,325,5.7907,24
326,326,5.7924,24
327,327,3.5742,24
328,328,6.4341,24
329,329,6.4020,24
330,330,6.1142,24
331,331,5.0808,24
332,332,4.3603,24
333,333,11.4786,24
334,334,7.1874,24
335,335,5.0027,24
336,336,6.7474,24
337,337,3.8536,24
338,338,5.3912,24
339,339,5.7134,24
340,340,6.7397,24
341,341,7.5734,24
342,342,5.4990,24
343,343,3.9083,24
344,344,6.7100,24
345,345,4.4421,24
346,346,5.0782,24
347,347,5.6649,24
348,348,6.2787,24
349,349,6.4636,24
350,350,3.8943,24
351,351,4.6319,24
352,352,5.0130,24
353,353,5.8177,24
354,354,4.1669,24
355,355,6.3750,24
356,356,6.7425,24
357,357,7.4187,24
358,358,7.1754,24
359,359,4.2029,24
360,360,6.7125,24
361,361,5.0929,24
362,362,6.2844,24
363,363,9.1510,24
364,364,6.9690,24
365,365,4.9238,24
366,366,7.2959,24
367,367,3.6884,24
368,368,5.4177,24
369,369,6.4264,24
370,370,5.6484,24
371,371,6.0134,24
372,372,6.1917,24
373,373,6.7696,24
374,374,4.2269,24
375,375,5.4494,24
376,376,7.3249,24
377,377,5.0285,24
378,378,3.4682,24
379,379,7.3036,24
380,380,7.2188,24
381,381,5.3746,24
382,382,5.9003,24
383,383,5.9347,24
384,384,6.4488,24
385,385,3.9932,24
386,386,5.5781,24
387,387,4.1978,24
388,388,5.6034,24
389,389,6.1064,24
390,390,5.4895,24
391,391,6.6729,24
392,392,7.2743,24
393,393,6.2218,24
394,394,4.9691,24
395,395,4.9144,24
396,396,7.0674,24
397,397,6.3601,24
398,398,4.7546,24
399,399,6.7644,24
400,400,4.0715,24
401,401,5.2384,24
402,402,3.9297,24
403,403,4.5003,24
404,404,4.1061,24
405,405,4.8061,24
406,406,6.6928,24
407,407,5.2472,24
408,408,7.5794,24
409,409,4.9979,24
410,410,3.5195,24
411,411,7.1406,24
412,412,4.1956,24
413,413,4.8022,24
414,414,6.0481,24
415,415,5.8905,24
416,416,5.8358,24
417,417,5.6805,24
418,418,7.1769,24
419,419,5.8855,24
420,420,7.3056,24
421,421,5.7192,24
422,422,5.9780,24
423,423,5.5350,24
424,424,4.0803,24
425,425,5.7572,24
426,426,5.4737,24
427,427,4.2382,24
428,428,5.2593,24
429,429,6.0689,24
430,430,4.9692,24
431,431,5.9333,24
432,432,5.2318,24
433,433,6.9251,24
434,434,6.2548,24
435,435,5.4780,24
436,436,5.1840,24
437,437,5.9521,24
438,438,5.1477,24
439,439,7.1044,24
440,440,7.0850,24
441,441,5.1237,24
442,442,5.5894,24
443,443,6.4249,24
444,444,5.9747,24
445,445,4.3008,24
446,446,5.8727,24
447,447,5.9516,24
448,448,3.9487,24
449,449,4.8543,24
450,450,6.6845,24
451,451,3.6327,24
452,452,4.0254,24
453,453,6.9018,24
454,454,5.0814,24
455,455,6.9260,24
456,456,3.5767,24
457,457,4.1324,24
458,458,6.2708,24
459,459,5.7792,24
460,460,7.3515,24
461,461,6.1094,24
462,462,5.4056,24
463,463,4.0847,24
464,464,3.5053,24
465,465,5.5953,24
466,466,7.2322,24
467,467,6.3688,24
468,468,5.5651,24
469,469,7.6019,24
470,470,3.9769,24
471,471,6.5054,24
472,472,3.7747,24
473,473,5.4666,24
474,474,3.6220,24
475,475,6.1570,24
476,476,5.4821,24
477,477,6.3683,24
478,478,6.7041,24
479,479,4.1348,24
480,480,4.8535,24
481,481,6.6736,24
482,482,5.7943,24
483,483,6.3094,24
484,484,4.0780,24
485,485,6.0192,24
486,486,7.3844,24
487,487,4.0607,24
488,488,6.2172,24
489,489,4.2581,24
490,490,5.2225,24
491,491,4.0939,24
492,492,6.2578,24
493,493,6.3376,24
494,494,4.5208,24
495,495,4.2550,24
496,496,7.2617,24
497,497,5.5268,24
498,498,5.9635,24
499,499,5.0074,24
500,500,6.6474,24
